post_id,post_date,is_published,email_sent_at,inbox_sent_at,type,audience,title,subtitle,podcast_url
184814303.databricks-lakeflow-vs-apache-airflow,,false,,,newsletter,everyone,,,
184798522.lance-for-embeddings-vector-database,,false,,,newsletter,only_paid,,,
184468828.building-the-full-data-stack-and,,false,,,podcast,everyone,,,
184378371.from-wiring-circuits-to-data-pipelines,,false,,,podcast,everyone,,,
184371353.from-dba-to-data-everything,2026-01-14T12:51:03.796Z,true,2026-01-14T12:51:04.023Z,2026-01-14T12:51:04.023Z,podcast,everyone,From DBA to Data Everything,Lessons From a Career in Data,
184355506.why-declarative-pipelines-are-the,,false,,,newsletter,only_paid,,,
183951914.pg_duckdb-screaming-olap-for-postgres,,false,,,newsletter,only_paid,,,
183868570.data-skew-for-dummies,,false,,,newsletter,only_paid,,,
183448606.lakebase-nextgen-postgres,,false,,,newsletter,only_paid,,,
183177983.apache-flink-for-dummies,2026-01-12T13:49:27.399Z,true,2026-01-12T13:49:27.590Z,2026-01-12T13:49:27.590Z,newsletter,only_paid,Apache Flink for Dummies,... like me,
183096607.apache-arrow-for-the-database,2026-01-16T15:50:52.979Z,true,2026-01-16T15:50:53.128Z,2026-01-16T15:50:53.128Z,newsletter,everyone,Apache Arrow for the Database,ADBC Drivers,
183019286.cloudflare-r2-sql-on-iceberg,,false,,,newsletter,only_paid,,,
182889224.data-engineering-central-podcast-f35,2026-01-02T13:03:33.782Z,true,2026-01-02T13:03:33.950Z,2026-01-02T13:03:33.950Z,podcast,only_paid,Data Engineering Central Podcast - 10,... back again,
182823689.spark-structured-streaming-for-dummies,,false,,,newsletter,only_paid,,,
182670018.data-engineering-blogs-to-follow,,false,,,newsletter,everyone,,,
182652646.polars-has-a-problem,,false,,,newsletter,only_paid,,,
182652308.databricksspark-excel-data-source,2026-01-05T14:02:47.674Z,true,2026-01-05T14:02:47.860Z,2026-01-05T14:02:47.860Z,newsletter,everyone,Databricks/Spark Excel Data Source,... do I really have to say it?,
182238422.1tb-of-parquets-single-node-benchmark,2025-12-28T21:55:49.719Z,true,2025-12-28T21:55:50.079Z,2025-12-28T21:55:50.079Z,newsletter,everyone,1TB of Parquet files. Single Node Benchmark. (DuckDB style),Haters gonna hate.,
181799647.history-tracking-from-scd2-to-bespoke,,false,,,newsletter,only_paid,,,
181798873.lizard-brain-data-engineering,,false,,,newsletter,only_paid,,,
181440235.what-is-lake-house-architecture,,false,,,newsletter,only_paid,,,
181440053.the-rise-of-the-data-catalog,,false,,,newsletter,only_paid,,,
181439991.building-agentic-ai-with-databricks,,false,,,newsletter,only_paid,,,
181261013.scott-haines-on-the-future-of-data,2025-12-17T13:44:29.054Z,true,2025-12-17T13:44:29.222Z,2025-12-17T13:44:29.222Z,podcast,everyone,Scott Haines on the Future of Data Engineering,"OSS, Lakehouses & Real-World War Stories",
180926701.llms-for-pdf-data-pipelines,2025-12-09T15:16:21.810Z,true,2025-12-09T15:16:22.037Z,2025-12-09T15:16:22.037Z,newsletter,everyone,LLMs for {PDF} Data Pipelines,a Brave New World,
180747165.building-agentic-ai-fancy,2025-12-05T00:48:15.144Z,true,2025-12-05T00:48:15.314Z,2025-12-05T00:48:15.314Z,newsletter,everyone,Building Agentic AI ... Fancy.,how about a simple SQL Agent?,
180551944.building-a-ducklake-open-source-style,2025-12-22T13:26:23.471Z,true,2025-12-22T13:26:23.598Z,2025-12-22T13:26:23.598Z,newsletter,everyone,Building a DuckLake ... Open Source Style.,behold,
180550255.reverse-etl,,false,,,newsletter,only_paid,,,
180540135.from-data-pipelines-to-data-platforms,,false,,,newsletter,only_paid,,,
180509896.aws-costs,,false,,,newsletter,only_paid,,,
180440407.zero-to-ai-hero-building-a-sql-agent,,false,,,newsletter,only_paid,,,
180434958.cloudflare-pipelines-iceberg-sql,,false,,,newsletter,only_paid,,,
180363376.introduction-to-dlt-python-load-tool,,false,,,newsletter,only_paid,,,
180340032.building-a-ai-sql-agent-with-databricks,,false,,,newsletter,only_paid,,,
180334664.apache-arrow-is-eating-the-world,2025-12-15T13:23:30.047Z,true,2025-12-15T13:23:30.229Z,2025-12-15T13:23:30.229Z,newsletter,only_paid,Apache Arrow is Eating the World.,... the data world,
180113969.data-engineering-and-modern-data,2025-11-27T15:51:48.460Z,true,,,page,everyone,Data Engineering & Modern Data Platform Consulting,,
180073012.data-mesh-theology-dead-or-alive,2025-12-02T20:52:11.664Z,true,2025-12-02T20:52:11.880Z,2025-12-02T20:52:11.880Z,newsletter,everyone,Data Mesh Theology. Dead or Alive?,dying on the vine?,
179162052.what-is-toon,2025-11-24T13:39:38.613Z,true,2025-11-24T13:39:38.818Z,2025-11-24T13:39:38.818Z,newsletter,only_paid,What is TOON?,too scared to ask?,
179100931.distributed-model-training,,false,,,newsletter,only_paid,,,
178918221.liquid-clustering-gotchas,,false,,,newsletter,only_paid,,,
178900572.chaos-engineering-for-data-platforms,,false,,,newsletter,only_paid,,,
178823340.work-with-me,2025-11-13T19:50:17.030Z,true,,,page,everyone,Work With Me,,
178818802.data-engineering-central-podcast-db1,2025-11-13T20:59:14.920Z,true,2025-11-13T20:59:15.203Z,2025-11-13T20:59:15.203Z,podcast,everyone,Data Engineering Central Podcast - 09,Cluster Fatigue and the Death of Open Source,
178708690.all-you-can-do-before-airflow,2025-11-17T13:54:35.637Z,true,2025-11-17T13:54:35.761Z,2025-11-17T13:54:35.761Z,newsletter,everyone,All You Can Do Before Airflow: ,4 Orchestration Levels From Cron to Full Pipelines,
178554222.you-know-you-can-just-use-pyarrow,,false,,,newsletter,only_paid,,,
178468478.one-big-table-data-modeling,2025-11-20T17:37:48.280Z,true,2025-11-20T17:37:48.618Z,2025-11-20T17:37:48.618Z,newsletter,only_paid,One Big Table Data Modeling,was it all for naught?,
178241656.databricks-compute,2025-11-10T02:38:14.720Z,true,2025-11-10T02:38:14.931Z,2025-11-10T02:38:14.931Z,newsletter,everyone,Databricks Compute.,Examining the Inscrutable,
178136533._internaldeltaprotocolerror,2025-11-06T23:37:17.615Z,true,2025-11-06T23:37:17.918Z,2025-11-06T23:37:17.918Z,newsletter,everyone,_internal.DeltaProtocolError:,The Databricks and Delta Lake lie (the mighty have fallen),
177575691.gzip-csv-python-s3-polars-vs-duckdb,2025-11-03T13:47:01.126Z,true,2025-11-03T13:47:01.721Z,2025-11-03T13:47:01.721Z,newsletter,everyone,Gzip. CSV. Python. S3. (Polars vs DuckDB),headaches ya' know?,
177097189.lance-file-format-parquet-killer,2025-10-27T12:47:41.322Z,true,2025-10-27T12:47:41.470Z,2025-10-27T12:47:41.470Z,newsletter,only_paid,Lance file format. Parquet killer?,time will tell,
176920671.what-is-protobuf-why-should-you-care,,false,,,newsletter,only_paid,,,
176872884.650gb-of-data-delta-lake-on-s3-polars,2025-11-12T16:38:14.594Z,true,2025-11-12T16:38:14.759Z,2025-11-12T16:38:14.759Z,newsletter,everyone,650GB of Data (Delta Lake on S3). Polars vs DuckDB vs Daft vs Spark.,cluster fatigue,
176765943.databricks-zerobus-event-streams,,false,,,newsletter,only_paid,,,
176665833.aws-outage-pipeline-problems-what,2025-10-21T00:09:58.081Z,true,2025-10-21T00:09:58.292Z,2025-10-21T00:09:58.292Z,newsletter,only_paid,AWS Outage. Pipeline Problems? What next?,do nothing?,
176065322.fivetran-dbt-labs-merger-what-does,2025-10-13T22:27:24.569Z,true,2025-10-13T22:27:24.728Z,2025-10-13T22:27:24.728Z,newsletter,everyone,Fivetran + dbt Labs merger. What does it mean?,anything at all?,
175990081.drainage-the-missing-piece-in-your,2025-10-16T12:15:02.473Z,true,2025-10-16T12:15:02.603Z,2025-10-16T12:15:02.603Z,newsletter,everyone,Drainage: The Missing Piece in Your Lake House Health Strategy,How a Rust-powered Python library is revolutionizing data lake monitoring and optimization,
175555899.run-llama-31-8b-locally-with-langchain,2025-10-13T12:41:57.623Z,true,2025-10-13T12:41:57.825Z,2025-10-13T12:41:57.825Z,newsletter,only_paid,Run Llama 3.1 8B Locally with LangChain and SQLite Memory,Learn AI by doing,
175457798.performance-testing-duckdb-postgres,,false,,,newsletter,only_paid,,,
175219407.databricks-one-the-messiah-of-data,,false,,,newsletter,only_paid,,,
175167648.lakeswarm-optimistic-locking-for,,false,,,newsletter,only_paid,,,
175167628.the-single-node-rebellion,2025-10-07T16:00:49.628Z,true,2025-10-07T16:00:49.859Z,2025-10-07T16:00:49.859Z,newsletter,everyone,The Single Node Rebellion,a tale of revolt,
175142526.simplifying-cicd-with-databricks,2025-10-20T12:35:12.833Z,true,2025-10-20T12:35:13.002Z,2025-10-20T12:35:13.002Z,newsletter,everyone,Simplifying CI/CD with Databricks Asset Bundles (DABs),From Chaos to Control,
174968230.what-is-a-semantic-layer,2025-10-02T02:40:13.922Z,true,2025-10-02T02:40:14.043Z,2025-10-02T02:40:14.043Z,newsletter,everyone,What is a Semantic Layer?,another Orwellian marketing speak?,
174645345.revisiting-data-quality,2025-11-25T13:19:13.945Z,true,2025-11-25T13:19:14.117Z,2025-11-25T13:19:14.117Z,newsletter,everyone,Revisiting Data Quality,options?,
174535187.clickhouse-a-super-fast-columnar,2025-11-05T12:47:20.616Z,true,2025-11-05T12:47:20.767Z,2025-11-05T12:47:20.767Z,newsletter,everyone,ClickHouse: A Super-Fast Columnar Database,Guest Post Series,
174368057.exclusive-discord-server,2025-09-23T18:43:34.604Z,true,2025-09-23T18:43:34.778Z,2025-09-23T18:43:34.778Z,newsletter,only_paid,Exclusive Discord Server,top notch data professional discussions,
174209187.change-killing-comfortable,2025-09-29T17:15:15.306Z,true,2025-09-29T17:15:15.487Z,2025-09-29T17:15:15.487Z,newsletter,only_paid,Change. Killing Comfortable.,path to a brighter future,
173580165.honest-review-of-motherduck,2025-09-22T12:43:37.699Z,true,2025-09-22T12:43:37.810Z,2025-09-22T12:43:37.810Z,newsletter,everyone,Honest review of MotherDuck,pluck em' feathers,
173382292.8-data-engineering-principals,2025-12-26T18:22:05.755Z,true,2025-12-26T18:22:05.938Z,2025-12-26T18:22:05.938Z,newsletter,only_paid,8 Data Engineering Principals,for the analytics expert,
172846073.incremental-improvements-of-a-data,,false,,,newsletter,only_paid,,,
172819547.honest-review-of-polars-cloud,2025-09-19T13:51:15.232Z,true,2025-09-19T13:51:15.374Z,2025-09-19T13:51:15.374Z,newsletter,everyone,Honest Review of Polars Cloud,from honest Abe,
172802335.lessons-from-vibe-coding-a-saas,,false,,,newsletter,only_paid,,,
172289348.dataframe-to-postgres-fastest-option,2025-09-15T12:36:00.411Z,true,2025-09-15T12:36:03.232Z,2025-09-15T12:36:03.232Z,newsletter,only_paid,DataFrame to Postgres. Fastest option?,into the Thunderdome,
172278197.failures-retries-databricksworkflowtaskgroup,,false,,,newsletter,only_paid,,,
172081123.medallion-architecture-truth-or-fiction,2025-09-08T13:03:44.657Z,true,2025-09-08T13:03:44.752Z,2025-09-08T13:03:44.752Z,newsletter,everyone,Medallion Architecture. Truth or Fiction?,let's rattle the cage,
172036043.its-called-course-pruning-you-ninny,,false,,,newsletter,only_paid,,,
171417184.behold-shortcircuitoperator-apache,2025-09-01T12:12:21.567Z,true,2025-09-01T12:12:21.696Z,2025-09-01T12:12:21.696Z,newsletter,only_paid,Behold. ShortCircuitOperator. Apache Airflow.,I was today years old when ...,
171280287.polars-gpu-execution-70-speed-up,2025-08-25T14:33:17.787Z,true,2025-08-25T14:33:17.881Z,2025-08-25T14:33:17.881Z,newsletter,everyone,Polars GPU Execution. (70% speed up),to the moon,
171279738.should-you-use-rust,,false,,,newsletter,only_paid,,,
170693460.apache-airflow-for-dataops,,false,,,newsletter,only_paid,,,
169531062.json-in-a-lake-house-world,2025-12-01T13:21:36.746Z,true,2025-12-01T13:21:36.931Z,2025-12-01T13:21:36.931Z,newsletter,only_paid,JSON in a Lake House World,Delta Lake style,
169491609.data-deduplication-for-dummies,2025-08-04T12:32:19.715Z,true,2025-08-04T12:32:19.854Z,2025-08-04T12:32:19.854Z,newsletter,only_paid,Data Deduplication for Dummies,you dummy,
169407025.is-speed-all-that-matters,,false,,,newsletter,only_paid,,,
169406866.full-vs-incremental-pipelines,2025-08-11T13:23:32.584Z,true,2025-08-11T13:23:32.683Z,2025-08-11T13:23:32.683Z,newsletter,everyone,Full vs Incremental Pipelines,"full, partial, or both?",
169406750.self-hosted-lake-house,,false,,,newsletter,only_paid,,,
169334829.databricks-workflows-vs-apache-airflow,2025-07-28T15:28:38.440Z,true,2025-07-28T15:28:38.544Z,2025-07-28T15:28:38.544Z,newsletter,everyone,Databricks Workflows vs Apache Airflow,... or both?,
168884347.vector-database-fundamentals-for,,false,,,newsletter,only_paid,,,
168317439.agentic-ai-for-dummies,2025-07-20T21:27:10.919Z,true,2025-07-20T21:27:11.035Z,2025-07-20T21:27:11.035Z,newsletter,everyone,Agentic AI for Dummies,AI within AI,
168243548.data-team-strategy-and-collaboration,2025-07-27T18:34:01.001Z,true,2025-07-27T18:34:01.094Z,2025-07-27T18:34:01.094Z,newsletter,only_paid,Data Team Strategy & Collaboration,spicy eh??!!,
168015872.behold-thy-doom,,false,,,newsletter,only_paid,,,
168012911.data-engineering-central-podcast-410,2025-07-10T21:22:41.573Z,true,2025-07-10T21:22:41.772Z,2025-07-10T21:22:41.772Z,podcast,only_paid,Data Engineering Central Podcast - Episode 8,"Iceberg, Databricks, DuckLake, and more.",
167912000.managing-ml-model-lifecycles-for,2025-07-14T12:14:30.133Z,true,2025-07-14T12:14:30.295Z,2025-07-14T12:14:30.295Z,newsletter,only_paid,Managing ML Model Lifecycles for Dummies,MLOps with Unity Catalog,
167816800.sqlmesh-for-dummies,2025-08-18T01:18:02.041Z,true,2025-08-18T01:18:02.130Z,2025-08-18T01:18:02.130Z,newsletter,only_paid,SQLMesh for dummies.,Too afraid to ask?,
166941914.apache-iceberg-on-databricks,2025-07-02T01:12:33.477Z,true,2025-07-02T01:12:33.591Z,2025-07-02T01:12:33.591Z,newsletter,everyone,Apache Iceberg on Databricks,even if it is a bad idea,
166907671.spark-connect-with-delta-with-lambda,,false,,,newsletter,only_paid,,,
166897198.polars-in-production-on-aws-lambda,2025-06-30T12:30:50.933Z,true,2025-06-30T12:30:51.041Z,2025-06-30T12:30:51.041Z,newsletter,only_paid,Polars in Production on AWS Lambda,ramblings of an old Data Engineer,
166342788.data-cleansing-for-dummies,2025-07-07T15:52:51.484Z,true,2025-07-07T15:52:51.616Z,2025-07-07T15:52:51.616Z,newsletter,everyone,Data Cleansing for Dummies,"yeah, that's what I said.",
166237954.rust-python-perl-cobol-php-oh-my,2025-06-23T12:17:26.951Z,true,2025-06-23T12:17:27.097Z,2025-06-23T12:17:27.097Z,newsletter,everyone,"Rust, Python, Perl, COBOL, PHP ... oh my.",a tale of some languages (Anonymous Rust Dev),
165909036.golang-with-duckdb-and-more,2025-06-17T22:59:55.550Z,true,2025-06-17T22:59:55.708Z,2025-06-17T22:59:55.708Z,newsletter,only_paid,"Golang with DuckDB, and more.",absent from Data Engineering,
165823967.datafusion-vs-duckdb-for-delta-lake,,false,,,newsletter,only_paid,,,
165725915.building-ai-chatbots-on-databricks,,false,,,newsletter,only_paid,,,
165725465.lakebase-from-databricks,2025-06-12T22:49:19.538Z,true,2025-06-12T22:49:19.679Z,2025-06-12T22:49:19.679Z,newsletter,everyone,Lakebase from Databricks.,OLTP meets OLAP,
165210253.nushell-in-a-nutshell,2025-06-09T12:05:24.809Z,true,2025-06-09T12:05:24.964Z,2025-06-09T12:05:24.964Z,newsletter,only_paid,Nushell in a Nutshell,guest post by Anonymous Rust Dev,
165014999.duckdb-enters-the-lake-house-race,2025-06-05T18:57:34.583Z,true,2025-06-05T18:57:34.668Z,2025-06-05T18:57:34.668Z,newsletter,everyone,DuckDB enters the Lake House race.,my two cents on DuckLake,
164842094.george-washington-on-data-engineering,,false,,,newsletter,only_paid,,,
164251337.apache-iceberg-rant,2025-05-26T12:44:21.412Z,true,2025-05-26T12:44:21.558Z,2025-05-26T12:44:21.558Z,podcast,everyone,Apache Iceberg Rant.,we have been saved from catalog hell,
164094171.databricks-sql-scripting,2025-06-02T12:03:20.701Z,true,2025-06-02T12:03:20.837Z,2025-06-02T12:03:20.837Z,newsletter,everyone,Databricks SQL Scripting,SQL Server infiltrates the Lake House,
163944714.what-an-iceberg-catalog-that-works,2025-05-20T14:37:52.534Z,true,2025-05-20T14:37:52.646Z,2025-05-20T14:37:52.646Z,newsletter,everyone,What?! An Iceberg Catalog that works?,who would have thought ...,
163580493.how-do-eat-a-data-platform,2025-05-19T12:16:14.496Z,true,2025-05-19T12:16:14.678Z,2025-05-19T12:16:14.678Z,newsletter,only_paid,How do eat a Data Platform?,... one PR at a time.,
163175767.postgres-to-delta-lake-and-back-again,2025-05-12T12:17:33.193Z,true,2025-05-12T12:17:33.305Z,2025-05-12T12:17:33.305Z,newsletter,only_paid,Postgres to Delta Lake ... and back again.,back and forth,
162695553.ai-is-never-going-to-take-your-job,2025-05-08T20:58:06.562Z,true,2025-05-08T20:58:06.658Z,2025-05-08T20:58:06.658Z,newsletter,everyone,AI is NEVER going to take your job.,AI ain't going to get me.,
162626492.dataframe-sql-column-manipulation,2025-05-06T19:26:02.828Z,true,2025-05-06T19:26:02.999Z,2025-05-06T19:26:02.999Z,newsletter,everyone,DataFrame / SQL Column Manipulation.,"Spark, Polars, etc.",
162365203.ray-on-databricks-distributed-python,2025-05-01T15:39:03.792Z,true,2025-05-01T15:39:03.950Z,2025-05-01T15:39:03.950Z,newsletter,only_paid,Ray on Databricks. Distributed Python.,Machine Learning and AI Mastery,
162012220.becoming-a-better-data-engineer,2025-04-28T12:22:15.474Z,true,2025-04-28T12:22:15.587Z,2025-04-28T12:22:15.587Z,newsletter,everyone,"Becoming a ""better"" Data Engineer",being more competitive ,
161746114.cloudflare-r2-apache-iceberg-r2-data,2025-04-21T01:07:59.292Z,true,2025-04-21T01:07:59.392Z,2025-04-21T01:07:59.392Z,newsletter,everyone,Cloudflare R2 + Apache Iceberg + R2 Data Catalog + Daft,the S3 Table killer?,
161263643.lakekeeper-iceberg-rest-catalog,2025-12-08T12:55:15.004Z,true,2025-12-08T12:55:15.214Z,2025-12-08T12:55:15.214Z,newsletter,only_paid,LakeKeeper: Iceberg REST Catalog,... another catalog for the mix,
160908298.duckdb-pyiceberg-lambda,2025-05-16T03:14:50.124Z,true,2025-05-16T03:14:50.223Z,2025-05-16T03:14:50.223Z,newsletter,everyone,DuckDB + PyIceberg + Lambda,... with Cloudflare's R2 ...,
160667214.review-of-data-orchestration-landscape,2025-04-07T01:23:26.224Z,true,2025-04-07T01:23:26.298Z,2025-04-07T01:23:26.298Z,newsletter,everyone,Review of Data Orchestration Landscape,... and honest one ...,
160452902.data-engineering-central-podcast-150,2025-04-02T21:08:25.486Z,true,2025-04-02T21:08:25.733Z,2025-04-02T21:08:25.733Z,podcast,only_paid,Data Engineering Central Podcast - 07,Episode 07,
160284821.databricks-compute-thoughts-and-more,2025-04-01T01:40:45.276Z,true,2025-04-01T01:40:45.387Z,2025-04-01T01:40:45.387Z,newsletter,everyone,Databricks Compute. Thoughts and more.,dollar bill 'yall,
160184635.apache-comet-for-accelerating-spark,,false,,,newsletter,only_paid,,,
159836522.postgrest-postgresql-restful-api,,false,,,newsletter,only_paid,,,
159769340.apache-polaris-iceberg-catalog-with,2025-03-26T21:09:44.748Z,true,2025-03-26T21:09:44.901Z,2025-03-26T21:09:44.901Z,newsletter,everyone,Apache Polaris (Iceberg Catalog) ... with Daft,.. kicking tires ...,
159549950.partitions-in-distributed-compute,2025-03-21T16:13:38.860Z,true,2025-03-21T16:13:38.974Z,2025-03-21T16:13:38.974Z,newsletter,only_paid,Partitions in Distributed Compute.,finding out the unknown,
159081331.complicated-good,2025-04-13T20:42:21.658Z,true,2025-04-13T20:42:21.738Z,2025-04-13T20:42:21.738Z,newsletter,only_paid,Complicated != Good,simplicity in the age of AI,
159040305.test-test-and-then-test-again,2025-03-17T13:44:26.633Z,true,2025-03-17T13:44:26.728Z,2025-03-17T13:44:26.728Z,newsletter,everyone,"Test, test, and then test again.",... or else ...,
158812268.less-is-more,,false,,,newsletter,only_paid,,,
158299599.smallpond-distributed-duckdb,2025-03-06T21:25:53.841Z,true,2025-03-06T21:25:53.932Z,2025-03-06T21:25:53.932Z,newsletter,everyone,smallpond ... distributed DuckDB?,... courtesy of deepseek-ai ,
158077935.dbt-on-databricks,2025-03-03T13:08:49.130Z,true,2025-03-03T13:08:49.228Z,2025-03-03T13:08:49.228Z,newsletter,everyone,dbt on Databricks,... thoughts and more,
157927136.data-analysis-is-hell,2025-02-27T20:23:11.273Z,true,2025-02-27T20:23:11.417Z,2025-02-27T20:23:11.417Z,newsletter,only_paid,Data Analysis is Hell,... nothing you can do about it.,
157162490.lord-have-mercy-apache-xtable,2025-02-17T13:07:22.166Z,true,2025-02-17T13:07:22.299Z,2025-02-17T13:07:22.299Z,newsletter,everyone,Lord have mercy. Apache XTable.,... add another one to the list,
157105917.data-engineering-central-podcast-cd0,2025-02-13T22:37:19.347Z,true,2025-02-13T22:37:19.530Z,2025-02-13T22:37:19.530Z,podcast,everyone, Data Engineering Central Podcast - 06,Episode 06,
157070999.ai-code-revolution-embrace-or-deny,2025-02-24T13:01:46.993Z,true,2025-02-24T13:01:47.065Z,2025-02-24T13:01:47.065Z,newsletter,everyone,AI Code Revolution. Embrace or Deny?,for Software Development,
156554431.your-limiting-factor-in-software,2025-02-05T21:46:33.346Z,true,2025-02-05T21:46:33.502Z,2025-02-05T21:46:33.502Z,newsletter,everyone,Your Limiting Factor (in Software), ... is you ...,
156171315.delta-lake-vs-iceberg-uniform-and,2025-02-10T13:44:08.863Z,true,2025-02-10T13:44:09.044Z,2025-02-10T13:44:09.044Z,newsletter,everyone,Delta Lake vs Iceberg. UniForm and Unity Catalog.,... will there ever be harmony?,
155796796.polars-and-duckdb-release-unity-catalog,2025-01-27T00:57:25.874Z,true,2025-01-27T00:57:25.964Z,2025-01-27T00:57:25.964Z,newsletter,everyone,Polars and DuckDB release Unity Catalog (Delta Lake) integrations. Who lied? Who didn't?,... say it ain't so ...,
155361416.bespoke-vs-managed-data-platforms,2025-02-03T13:52:50.394Z,true,2025-02-03T13:52:50.486Z,2025-02-03T13:52:50.486Z,newsletter,only_paid,Bespoke vs Managed Data Platforms, ... choose your poison ...,
154914837.data-quality-with-databricks-labs,2025-01-16T23:15:30.314Z,true,2025-01-16T23:15:30.492Z,2025-01-16T23:15:30.492Z,newsletter,everyone,Data Quality with Databricks Labs new DQX tool. , ... better be good ...,
154826027.delta-lake-outside-the-box-with-serverless,,false,,,newsletter,only_paid,,,
154825391.replace-pythons-pip-with-uv,2025-02-19T22:47:25.161Z,true,2025-02-19T22:47:25.318Z,2025-02-19T22:47:25.318Z,newsletter,only_paid,Replace Python's pip with uv?, Anonymous Rust Dev,
154357078.what-is-a-zero-copy-abstraction-with,,false,,,newsletter,only_paid,,,
154278517.duckdb-processing-remote-s3-json,2025-01-08T13:05:00.331Z,true,2025-01-08T13:05:00.431Z,2025-01-08T13:05:00.431Z,newsletter,everyone,DuckDB processing remote (s3) JSON files.,... just because we can,
153591412.aws-lambda-duckdb-and-delta-lake,2024-12-29T16:05:08.856Z,true,2024-12-29T16:05:09.055Z,2024-12-29T16:05:09.055Z,newsletter,everyone,AWS Lambda + DuckDB (and Delta Lake),simplicity in Data Engineering,
153392602.data-engineering-central-podcast-bbc,2024-12-20T13:20:14.104Z,true,2024-12-20T13:20:14.185Z,2024-12-20T13:20:14.185Z,podcast,everyone,Data Engineering Central Podcast - 05,Episode 05,
153329123.amazon-s3-tables,2024-12-19T13:06:53.132Z,true,2024-12-19T13:06:53.248Z,2024-12-19T13:06:53.248Z,newsletter,everyone,Amazon (S3) Tables, ... the truth of the matter,
153217809.4-must-know-pyspark-tips,,false,,,newsletter,only_paid,,,
153216139.how-to-write-better-pyspark-code,2025-01-06T13:05:27.936Z,true,2025-01-06T13:05:28.124Z,2025-01-06T13:05:28.124Z,newsletter,everyone,How to write better PySpark code.,... do it or else,
153125113.data-skew-a-gentle-introduction,2024-12-24T01:47:22.951Z,true,2024-12-24T01:47:23.037Z,2024-12-24T01:47:23.037Z,newsletter,only_paid,"Data Skew, a Gentle Introduction.",... just a little lopsided,
153086644.query-patterns-for-big-data-in-the,,false,,,newsletter,only_paid,,,
152985150.can-duckdb-process-larger-than-memory,,false,,,newsletter,only_paid,,,
152927810.the-best-aws-tool-data-engineers,,false,,,newsletter,only_paid,,,
152810219.why-is-everybody-so-big-on-zig,2024-12-09T13:51:46.856Z,true,2024-12-09T13:51:47.524Z,2024-12-09T13:51:47.524Z,newsletter,only_paid,Why Is Everybody So Big on Zig?,Guest Post by Anonymous Rust Dev,
152773121.delta-lake-vs-apache-iceberg-the,2024-12-11T20:00:10.930Z,true,2024-12-11T20:00:11.154Z,2024-12-11T20:00:11.154Z,newsletter,everyone,Delta Lake vs Apache Iceberg. The Lake House Squabble. ,... the real deal.,
152763814.maniacal-focus,2024-12-16T13:46:45.475Z,true,2024-12-16T13:46:45.636Z,2024-12-16T13:46:45.636Z,newsletter,only_paid,Maniacal Focus, ... the missing skill,
152565348.aws-s3-tables-the-iceberg-cometh,2024-12-05T15:36:00.724Z,true,2024-12-05T15:36:00.803Z,2024-12-05T15:36:00.803Z,newsletter,everyone,AWS S3 Tables?! The Iceberg Cometh. ,"weep moan, wail all ye Databricks and Snowflake worshipers",
152471351.the-aws-cost-no-one-talks-about,,false,,,newsletter,only_paid,,,
152463289.databricks-raises-money-55-billion,2024-12-03T15:25:36.384Z,true,2024-12-03T15:25:36.477Z,2024-12-03T15:25:36.477Z,newsletter,everyone,Databricks Raises Money - 55 Billion Dollar Valuation, ... to IPO or not IPO ...,
152374116.datafusion-from-a-python-perspective,2024-12-13T19:31:18.652Z,true,2024-12-13T19:31:18.840Z,2024-12-13T19:31:18.840Z,newsletter,only_paid,Datafusion ... from a Python perspective,"... let's be real, that's what matters",
152329112.what-is-a-healthy-lake-house-delta,2025-03-10T12:32:56.347Z,true,2025-03-10T12:32:56.444Z,2025-03-10T12:32:56.444Z,newsletter,only_paid,"What is a ""healthy"" Lake House (Delta Lake style)?", ... building ...,
152264784.5-underrated-data-engineering-skills,,false,,,newsletter,only_paid,,,
152213888.turkey-day-is-here-black-friday-sale,2024-11-26T22:39:03.881Z,true,2024-11-26T22:39:03.939Z,2024-11-26T22:39:03.939Z,newsletter,everyone,Turkey Day Is Here - Black Friday Sale - %50 Off,... come one come all ...,
152172068.what-is-a-lake-house,,false,,,newsletter,only_paid,,,
151949596.data-engineering-central-podcast-1dc,2024-11-20T23:17:22.226Z,true,2024-11-20T23:17:22.368Z,2024-11-20T23:17:22.368Z,podcast,everyone,Data Engineering Central Podcast - 04,Episode 04,
151935510.duckdb-delta-lake,2024-11-25T13:23:11.165Z,true,2024-11-25T13:23:11.262Z,2024-11-25T13:23:11.262Z,newsletter,everyone,DuckDB + Delta Lake.,... just checking for rough edges.,
151333948.10-billion-row-challenge-duckdb-vs,2024-11-14T20:34:55.913Z,true,2024-11-14T20:34:56.019Z,2024-11-14T20:34:56.019Z,newsletter,everyone,10 billion row challenge. DuckDB vs Polars vs Daft.,... just for fun.,
151163389.raw-data-ingestion,2024-11-18T13:18:20.985Z,true,2024-11-18T13:18:21.070Z,2024-11-18T13:18:21.070Z,newsletter,only_paid,Raw Data Ingestion ..., ... in the Lake House world ...,
151136439.end-of-year-engineering-planning,2024-11-06T17:22:34.852Z,true,2024-11-06T17:22:34.922Z,2024-11-06T17:22:34.922Z,newsletter,everyone,End of Year Engineering Planning for 2025, ... how to do it ...,
151041505.duckdb-inside-postgres-pg_duckdb,2024-11-01T18:56:29.964Z,true,2024-11-01T18:56:30.276Z,2024-11-01T18:56:30.276Z,podcast,only_paid,DuckDB inside Postgres (pg_duckdb) Exposed!,performance tests and more,
150997950.sqlite-vs-postgres-thoughts-and-more,,false,,,newsletter,only_paid,,,
150667883.duckdb-inside-postgres,2024-10-27T12:45:41.056Z,true,2024-10-27T12:45:41.154Z,2024-10-27T12:45:41.154Z,newsletter,everyone,DuckDB inside Postgres!!??, ... black magic,
150642582.are-data-contracts-dead,2024-12-02T13:05:52.939Z,true,2024-12-02T13:05:53.042Z,2024-12-02T13:05:53.042Z,newsletter,only_paid,Are Data Contracts Dead?,... were they ever alive?,
150636206.clustering-vs-partitions-pick-your,2025-04-24T12:32:13.873Z,true,2025-04-24T12:32:13.971Z,2025-04-24T12:32:13.971Z,newsletter,everyone,Clustering vs Partitions - Pick your poison.,... for the Lake House,
150633173.daft-sql-you-dummy,,false,,,newsletter,only_paid,,,
150360628.datafusion-my-swiss-army-knife,2024-11-11T14:55:54.417Z,true,2024-11-11T14:55:54.516Z,2024-11-11T14:55:54.516Z,newsletter,only_paid,"DataFusion, My Swiss Army Knife",guest post from Anonymous Rust Dev ,
150325872.data-engineering-central-podcast-1ed,2024-10-16T20:56:35.611Z,true,2024-10-16T20:56:36.027Z,2024-10-16T20:56:36.027Z,podcast,everyone,Data Engineering Central Podcast - 03 ,Episode 03,
150313525.primary-and-foreign-keys-in-the-lake,2024-10-23T20:14:19.031Z,true,2024-10-23T20:14:19.539Z,2024-10-23T20:14:19.539Z,newsletter,everyone,The Death of Primary and Foreign Keys?,... in the Lake House?,
150115276.what-makes-smart-engineers-so-stupid,2024-10-21T13:39:54.396Z,true,2024-10-21T13:39:54.651Z,2024-10-21T13:39:54.651Z,newsletter,only_paid,"What makes ""smart"" engineers so stupid.","... yeah, you read that right",
150071132.weekend-forecast-02b,2024-10-12T13:08:38.585Z,true,2024-10-12T13:08:38.819Z,2024-10-12T13:08:38.819Z,newsletter,everyone,Weekend Forecast, ... life updates and more,
149890591.csvs-s3-to-parquets-s3-polars-vs,,false,,,newsletter,only_paid,,,
149819668.data-engineering-central-podcast-f59,2024-10-04T19:04:48.933Z,true,2024-10-04T19:04:49.186Z,2024-10-04T19:04:49.186Z,podcast,everyone,Data Engineering Central Podcast - 02,Episode 2,
149817513.apache-airflow-vs-databricks-workflows,2024-11-04T12:50:41.474Z,true,2024-11-04T12:50:41.808Z,2024-11-04T12:50:41.808Z,newsletter,only_paid,Apache Airflow vs Databricks Workflows,... have at em',
149805026.daft-vs-spark-databricks-for-delta,2024-10-14T00:17:07.014Z,true,2024-10-14T00:17:07.273Z,2024-10-14T00:17:07.273Z,newsletter,everyone,Daft vs Spark (Databricks) for Delta Tables (Unity Catalog),... in real life,
149713582.small-engineering-changes-pr-reviews,2024-10-09T15:22:52.844Z,true,2024-10-09T15:22:53.229Z,2024-10-09T15:22:53.229Z,newsletter,only_paid,Small Engineering Changes (PR reviews),... for a big win,
149026436.data-engineering-central-podcast,2024-09-17T20:55:02.253Z,true,2024-09-17T20:55:02.488Z,2024-09-17T20:55:02.488Z,podcast,everyone,Data Engineering Central Podcast,Episode 01,
148974105.i-used-chatgpt-o1-to-do-postgresql,2024-09-23T12:38:38.451Z,true,2024-09-23T12:38:38.735Z,2024-09-23T12:38:38.735Z,newsletter,everyone,I used ChatGPT o1 to do PostgreSQL basics,replacing Data Engineers with AI,
148968452.indexing-for-postgresql,,false,,,newsletter,only_paid,,,
148869602.data-modeling-in-delta-lake-databricks,,false,,,newsletter,only_paid,,,
148868967.should-you-use-duckdb-or-polars,2024-10-07T13:03:55.649Z,true,2024-10-07T13:03:56.044Z,2024-10-07T13:03:56.044Z,newsletter,everyone,Should you use DuckDB or Polars?, or both ... ?,
148503248.rust-for-the-small-things,2024-09-09T14:56:32.209Z,true,2024-09-09T14:56:32.404Z,2024-09-09T14:56:32.404Z,newsletter,everyone,Rust for the small things?,... but what about Python?,
148356092.5-most-important-aws-tools-for-data,,false,,,newsletter,only_paid,,,
148349934.there-are-3-types-of-data-engineers,2024-09-13T14:36:03.374Z,true,2024-09-13T14:36:03.565Z,2024-09-13T14:36:03.565Z,newsletter,everyone,There are 3 Types of Data Engineers.,and you better be the right one.,
148348723.lord-save-us-not-another-etl-tool,2024-09-16T13:45:16.256Z,true,2024-09-16T13:45:16.425Z,2024-09-16T13:45:16.425Z,newsletter,only_paid,"Lord Save Us, Not Another ETL Tool Please!",just what we need ... another one ...,
148060797.databricks-delta-lake-table-versions,2024-09-02T13:04:47.846Z,true,2024-09-02T13:04:48.080Z,2024-09-02T13:04:48.080Z,newsletter,only_paid,Databricks. Delta Lake. Table Versions. Polars. Insidious Features.,and a tale of lessons learned.,
148020549.mlflow-with-databricks-thoughts-and,2024-08-26T12:45:22.091Z,true,2024-08-26T12:45:22.447Z,2024-08-26T12:45:22.447Z,newsletter,everyone,MLflow ... with Databricks. Thoughts and more.,the answer to your machine learning woes?,
147883498.realtime-streaming-data-from-postgresql,2024-08-20T14:45:23.883Z,true,2024-08-20T14:45:24.101Z,2024-08-20T14:45:24.101Z,newsletter,everyone,Realtime Streaming data from PostgreSQL to Delta Lake (Unity Catalog),... with Estuary,
147860369.how-to-break-free-from-notebook-engineering,,false,,,newsletter,only_paid,,,
147846549.no-excuses-answer-the-dang-questions,2024-08-23T12:37:17.304Z,true,2024-08-23T12:37:17.589Z,2024-08-23T12:37:17.589Z,newsletter,only_paid,NO EXCUSES! Answer the dang questions!,Guest Post by Boromir4thewin,
147495034.using-sql-with-python-the-ultimate,2024-08-19T11:50:16.085Z,true,2024-08-19T11:50:16.279Z,2024-08-19T11:50:16.279Z,newsletter,everyone,Using SQL with Python. The Ultimate Chad Stack.,like it or not ...,
147353708.maestro-netflix-open-sources-workflow,2024-09-30T13:25:15.329Z,true,2024-09-30T13:25:15.613Z,2024-09-30T13:25:15.613Z,newsletter,only_paid,Maestro - Netflix Open Sources Workflow Tool,just what we need ... another one ...,
147108619.the-rise-of-the-notebook-engineer,2024-08-06T12:49:16.663Z,true,2024-08-06T12:49:16.822Z,2024-08-06T12:49:16.822Z,newsletter,everyone,The Rise of The Notebook Engineer,off with their heads!,
146962212.deploying-spark-streaming-with-delta,2024-08-01T13:44:55.255Z,true,2024-08-01T13:44:55.463Z,2024-08-01T13:44:55.463Z,newsletter,everyone,Deploying Spark Streaming with Delta on Kubernetes using Terraform,Spark. Kubernetes. Terraform.,
146940158.apache-datafusion-comet,2024-08-28T12:48:48.850Z,true,2024-08-28T12:48:49.014Z,2024-08-28T12:48:49.014Z,newsletter,everyone,Apache Datafusion Comet,making Apache Spark scream,
146797573.youre-doing-data-engineering-wrong,2024-07-25T14:07:59.834Z,true,2024-07-25T14:08:00.074Z,2024-07-25T14:08:00.074Z,newsletter,everyone,You're Doing Data Engineering Wrong.,Majoring in the Minors,
146564249.date-and-time-manipulation-with-duckdb,2024-07-24T12:49:07.653Z,true,2024-07-24T12:49:07.926Z,2024-07-24T12:49:07.926Z,newsletter,everyone,Date and Time Manipulation with DuckDB,quack quack,
146506102.aint-no-room-for-ai-in-my-workflow,2024-07-15T12:19:42.522Z,true,2024-07-15T12:19:42.802Z,2024-07-15T12:19:42.802Z,newsletter,only_paid,Ain't no room for AI (in my workflow),guest post by anonymous Rust Dev,
146468849.suck-less-next-time,2024-07-29T13:40:46.093Z,true,2024-07-29T13:40:48.775Z,2024-07-29T13:40:48.775Z,newsletter,only_paid,Suck Less Next Time,Guest Post by Boromir4thewin,
146408238.5-data-engineering-mistakes,2024-07-22T12:51:56.827Z,true,2024-07-22T12:51:56.998Z,2024-07-22T12:51:56.998Z,newsletter,everyone,5 Data Engineering Mistakes,and what do about them,
145997286.terraform-sucks-long-live-terraform,2025-01-13T13:14:43.609Z,true,2025-01-13T13:14:43.740Z,2025-01-13T13:14:43.740Z,newsletter,only_paid,Terraform Sucks. Long Live Terraform.,blah blah blah,
145948780.kubernetes-sucks-long-live-k8s,2024-07-18T13:24:42.077Z,true,2024-07-18T13:24:42.325Z,2024-07-18T13:24:42.325Z,newsletter,everyone,Kubernetes Sucks. Long Live K8s.,Data Engineering with Kubernetes?,
145926910.replace-databricks-spark-jobs-using,2024-07-12T14:41:23.785Z,true,2024-07-12T14:41:23.974Z,2024-07-12T14:41:23.974Z,newsletter,everyone,Replace Databricks Spark Jobs (using Delta) with Polars,Saving Money and Doing Things,
145655694.lance-file-format,,false,,,newsletter,only_paid,,,
145573286.duckdb-100-lets-kick-the-tires,2024-06-24T12:54:37.390Z,true,2024-06-24T12:54:37.590Z,2024-06-24T12:54:37.590Z,newsletter,everyone,DuckDB 1.0.0 - Let's Kick The Tires,poke poke poke,
145548295.aws-rds-disk-space-alerts,2024-08-05T13:16:33.766Z,true,2024-08-05T13:16:34.163Z,2024-08-05T13:16:34.163Z,newsletter,only_paid,AWS RDS Disk Space Alerts,Building a Python Open Source Package,
145545821.snowflake-is-dying-on-the-vine,2024-07-08T13:03:50.722Z,true,2024-07-08T13:03:51.066Z,2024-07-08T13:03:51.066Z,newsletter,everyone,Snowflake is Dying on the Vine?,"Like Sparks Fly Upwards, Snowflake Is Born To Trouble",
145496706.cicd-for-data-engineers,2024-06-21T18:34:32.704Z,true,2024-06-21T18:34:32.909Z,2024-06-21T18:34:32.909Z,newsletter,everyone,CI/CD for Data Engineers,Automate Automate Automate,
145496694.data-validation-of-data-engineers,2024-07-02T14:19:57.062Z,true,2024-07-02T14:19:57.265Z,2024-07-02T14:19:57.265Z,newsletter,everyone,Data Validation for Data Engineers,Beyond Data Quality,
145482590.real-life-example-of-the-quicksort,2024-06-11T12:44:20.528Z,true,2024-06-11T12:44:20.843Z,2024-06-11T12:44:20.843Z,newsletter,everyone,Real Life Example of the QuickSort Algo (Rust),For Data Engineering ,
145267613.lazy-is-ambitious,2024-07-01T12:42:03.805Z,true,2024-07-01T12:42:03.959Z,2024-07-01T12:42:03.959Z,newsletter,only_paid,Lazy is Ambitious,synchronous vs asynchronous,
145174345.exploring-nulls,2024-08-12T12:52:52.690Z,true,2024-08-12T12:52:52.955Z,2024-08-12T12:52:52.955Z,newsletter,everyone,Exploring NULL(s),The little data devils,
144788580.introduction-to-mlflow,2024-05-24T13:54:03.035Z,true,2024-05-24T13:54:03.174Z,2024-05-24T13:54:03.174Z,newsletter,everyone,Introduction to MLflow,Machine Learning Workflows,
144486261.cost-savings-for-databricks-users,2024-05-15T12:33:02.812Z,true,2024-05-15T12:33:03.012Z,2024-05-15T12:33:03.012Z,newsletter,everyone,Cost Savings for Databricks Users,Finding those pennies,
144369786.premature-optimization-is-not-the,2024-06-10T12:45:56.784Z,true,2024-06-10T12:45:56.988Z,2024-06-10T12:45:56.988Z,newsletter,only_paid,Premature Optimization is NOT the root of all evil?,The Worm Has Turned.,
144369735.how-tech-debt-databricks-and-spark,2024-05-20T12:36:15.620Z,true,2024-05-20T12:36:15.828Z,2024-05-20T12:36:15.828Z,newsletter,everyone,"How Tech Debt, Databricks, and Spark UDFs ruined my weekend.",Lessons in tech debt and vendor funny stuff,
144303724.weekend-forecast,2024-05-04T13:44:23.582Z,true,2024-05-04T13:44:23.770Z,2024-05-04T13:44:23.770Z,newsletter,everyone,Weekend Forecast,Updates and Ramblings,
144216487.json-with-rust,2024-05-02T13:01:33.649Z,true,2024-05-02T13:01:33.853Z,2024-05-02T13:01:33.853Z,newsletter,everyone,JSON with Rust,Thoughts on being Explicit vs Vague,
144126447.redshift-vs-snowflake-vs-bigquery,2024-05-09T16:31:27.395Z,true,2024-05-09T16:31:27.563Z,2024-05-09T16:31:27.563Z,newsletter,everyone,Redshift vs Snowflake vs BigQuery vs Databricks vs ...,Why is the Data Warehouse Battle still going?,
144107994.i-see-window-functions-everywhere,2024-06-03T12:26:11.251Z,true,2024-06-03T12:26:11.415Z,2024-06-03T12:26:11.415Z,newsletter,everyone,I See Window Functions Everywhere,Guest Post from Anonymous Rust Dev,
143951840.on-call-hell,2024-05-27T14:09:37.279Z,true,2024-05-27T14:09:37.729Z,2024-05-27T14:09:37.729Z,newsletter,only_paid,On Call Hell,"Hello, Hello ... is anyone there?",
143855364.data-engineering-survey,2024-04-23T14:34:44.848Z,true,2024-04-23T14:34:44.984Z,2024-04-23T14:34:44.984Z,newsletter,everyone,Data Engineering Survey,Whatcha Been Up To???,
143623766.you-should-specialize-less,,false,,,newsletter,only_paid,,,
143530190.saas-vendor-lock-in,2024-04-18T12:51:20.213Z,true,2024-04-18T12:51:20.358Z,2024-04-18T12:51:20.358Z,newsletter,only_paid,SaaS Vendor Lock In,A Tale of Caution,
143426955.you-need-to-draw-more-pictures,,false,,,newsletter,only_paid,,,
143358799.spark-connect-what-is-this-madness,2024-04-09T12:52:33.255Z,true,2024-04-09T12:52:33.471Z,2024-04-09T12:52:33.471Z,newsletter,everyone,Spark Connect - What is this madness?,Using Rust to write Spark? Lord save us.,
143244357.delta-lake-map-and-array-data-types,2024-04-22T13:49:48.865Z,true,2024-04-22T13:49:49.025Z,2024-04-22T13:49:49.025Z,newsletter,everyone,Delta Lake - Map and Array data types,Hidden Gems?,
143244348.sql-vs-python-data-pipelines,2024-04-15T13:29:30.876Z,true,2024-04-15T13:29:31.028Z,2024-04-15T13:29:31.028Z,newsletter,everyone,SQL vs Python Data Pipelines,Data Engineering Decisions,
143168269.my-saas-is-faster-than-yours,2024-04-29T13:38:20.366Z,true,2024-04-29T13:38:20.488Z,2024-04-29T13:38:20.488Z,newsletter,only_paid,My SaaS is faster than yours.,Modern Data Stack Overload.,
143129658.easter-sale-50-off,2024-03-31T16:02:10.768Z,true,2024-03-31T16:02:11.030Z,2024-03-31T16:02:11.030Z,newsletter,only_free,Easter Sale - %50 Off!,Everybody needs a little something for Easter,
142940575.how-to-build-an-open-source-python,2024-04-08T12:57:48.055Z,true,2024-04-08T12:57:48.184Z,2024-04-08T12:57:48.184Z,newsletter,only_paid,How to Build an Open Source Python Package,Step by step,
142888883.why-analytics-is-a-lose-lose-game,2024-05-13T12:34:15.167Z,true,2024-05-13T12:34:15.333Z,2024-05-13T12:34:15.333Z,newsletter,only_paid,Why Analytics is a Lose Lose Game,It's for the birds,
142813294.when-to-rust-for-data-engineering,2024-06-20T12:35:10.144Z,true,2024-06-20T12:35:10.308Z,2024-06-20T12:35:10.308Z,newsletter,only_paid,When to Rust for Data Engineering ... and when NOT to.,To Rust or not to Rust ... that is a question,
142609860.transitioning-to-senior-engineer,2024-05-06T12:30:58.338Z,true,2024-05-06T12:30:58.501Z,2024-05-06T12:30:58.501Z,newsletter,only_paid,Transitioning to Senior Engineer,The skills and habits to get you there.,
142462489.default-values-thoughts-and-more,2024-03-28T12:56:53.675Z,true,2024-03-28T12:56:54.037Z,2024-03-28T12:56:54.037Z,newsletter,only_paid,Default Values - Thoughts and More,Guest Post by Anonymous Rust Dev,
142459736.microservices-for-data-engineering,2024-03-20T13:30:23.069Z,true,2024-03-20T13:30:23.164Z,2024-03-20T13:30:23.164Z,newsletter,everyone,Microservices for Data Engineering,Dream Come True or Nightmare?,
142451707.apple-pie-angry-people-other-news,2024-03-09T15:20:22.938Z,true,2024-03-09T15:20:23.057Z,2024-03-09T15:20:23.057Z,newsletter,everyone,Apple Pie. Angry People. Other News.,Weekend Edition,
142309377.error-handling-for-data-engineers,2024-03-25T13:58:49.932Z,true,2024-03-25T13:58:50.080Z,2024-03-25T13:58:50.080Z,newsletter,everyone,Error Handling for Data Engineers,Exception.,
142244982.udtfs-user-defined-table-functions,2024-03-18T13:04:44.070Z,true,2024-03-18T13:04:44.202Z,2024-03-18T13:04:44.202Z,newsletter,everyone,UDTFs (User-defined Table Functions) in PySpark. ,Introduction for Data Engineers,
142187662.40-off-sql-practice-problems,2024-02-29T21:50:30.415Z,true,2024-02-29T21:50:30.547Z,2024-02-29T21:50:30.547Z,newsletter,only_free,40% Off SQL Practice Problems,For Free Subscribers,
142118007.iteration-vs-recursion,2024-03-11T13:24:15.454Z,true,2024-03-11T13:24:15.568Z,2024-03-11T13:24:15.568Z,newsletter,only_paid,Iteration vs Recursion.,Data Engineering Style,
141997113.duckdb-vs-polars-thunderdome,2024-03-04T14:18:51.150Z,true,2024-03-04T14:18:51.359Z,2024-03-04T14:18:51.359Z,newsletter,everyone,DuckDB vs Polars - Thunderdome., 16GB on 4GB machine Challenge.,
141912746.why-arent-you-filtering-more,2024-04-01T13:01:35.212Z,true,2024-04-01T13:01:35.399Z,2024-04-01T13:01:35.399Z,newsletter,only_paid,Why Arenâ€™t You Filtering More?,"Save Money and Time, and Money",
141899616.new-sql-practice-problems-free-for,2024-02-21T17:24:40.357Z,true,2024-02-21T17:24:40.510Z,2024-02-21T17:24:40.510Z,newsletter,only_paid,New SQL Practice Problems - Free For Paid Subscribers,Trying out something new,
141761786.string-manipulation,2024-02-26T14:02:40.284Z,true,2024-02-26T14:02:40.473Z,2024-02-26T14:02:40.473Z,newsletter,everyone,String Manipulation,The Most Important Boring Thing,
141684906.unit-testing-for-data-engineers-43b,2024-02-19T14:45:09.545Z,true,2024-02-19T14:45:09.674Z,2024-02-19T14:45:09.674Z,newsletter,everyone,Unit Testing for Data Engineers,Do it. Or Not.,
141587653.introduction-to-ray,2024-02-29T16:45:47.952Z,true,2024-02-29T16:45:48.078Z,2024-02-29T16:45:48.078Z,newsletter,only_paid,Introduction to Ray,Distributed Compute,
141537859.batch-vs-near-realtime-vs-streaming,2024-02-14T17:12:25.327Z,true,2024-02-14T17:12:25.419Z,2024-02-14T17:12:25.419Z,newsletter,only_paid,Batch vs Near-Realtime vs Streaming,Nothing New Under the Sun,
141442995.data-quality-is-anyone-doing-it,,false,,,newsletter,only_paid,,,
141287154.are-data-contracts-for-real,2024-02-05T14:16:59.893Z,true,2024-02-05T14:16:59.991Z,2024-02-05T14:16:59.991Z,newsletter,everyone,Are Data Contracts For Real?,Or Just More Snake Oil?,
141276846.diving-into-data-types,2024-02-12T14:38:56.085Z,true,2024-02-12T14:38:56.211Z,2024-02-12T14:38:56.211Z,newsletter,everyone,Diving into Data Types,For Data Engineers,
141102064.a-primer-on-data-architecture,2024-02-01T15:07:52.262Z,true,2024-02-01T15:07:52.397Z,2024-02-01T15:07:52.397Z,newsletter,only_paid,A Primer on Data Architecture,For Data Engineers,
140949433.introduction-to-daft-vs-polars,2024-06-17T12:37:02.209Z,true,2024-06-17T12:37:02.390Z,2024-06-17T12:37:02.390Z,newsletter,everyone,Introduction to Daft ( ... vs Polars),Distributed DataFrames for Python (built with Rust),
140840392.why-duckdb-is-losing-to-polars,2024-01-29T14:52:02.021Z,true,2024-01-29T14:52:02.107Z,2024-01-29T14:52:02.107Z,newsletter,everyone,Why DuckDB is losing to Polars,There's always a battle raging.,
140606485.intro-to-sql-indexes,2024-01-17T15:43:02.304Z,true,2024-01-17T15:43:02.500Z,2024-01-17T15:43:02.500Z,newsletter,only_paid,Intro to SQL Indexes,For Everyone,
140407708.llms-part-2-fine-tuning-openllama,2024-01-16T15:15:32.701Z,true,2024-01-16T15:15:32.847Z,2024-01-16T15:15:32.847Z,newsletter,only_paid,LLMs Part 2 - Fine Tuning OpenLLaMA ,For Data Engineers,
140221912.why-python-always-breaks,2024-01-19T13:59:22.403Z,true,2024-01-19T13:59:22.503Z,2024-01-19T13:59:22.503Z,newsletter,everyone,Why Python Always Breaks,Long Live Python,
140221010.new-years-discount-40,2023-12-31T14:04:37.876Z,true,2023-12-31T14:04:38.067Z,2023-12-31T14:04:38.067Z,newsletter,only_paid,New Years Discount 40%,"Come one, come all",
140091930.data-warehouse-analytics-latency,2024-01-10T14:47:24.487Z,true,2024-01-10T14:47:24.590Z,2024-01-10T14:47:24.590Z,newsletter,only_paid,Data Warehouse Analytics - Latency,The Latency Problem,
140019216.semi-structured-data-the-challenges,2024-01-03T14:47:30.116Z,true,2024-01-03T14:47:30.190Z,2024-01-03T14:47:30.190Z,newsletter,only_paid,Semi-Structured Data - The challenges.,Demystify semi-structured data.,
140014648.how-to-reduce-complexity,2024-01-22T14:35:12.578Z,true,2024-01-22T14:35:12.710Z,2024-01-22T14:35:12.710Z,newsletter,only_paid,How to Reduce Complexity,Coding Super Power,
139934999.introduction-to-write-audit-publish,2024-01-15T14:09:30.273Z,true,2024-01-15T14:09:30.466Z,2024-01-15T14:09:30.466Z,newsletter,only_paid,Introduction to Write-Audit-Publish Pattern,Getting Your ETL On.,
139892102.learning-the-command-line,2024-01-08T15:20:29.107Z,true,2024-01-08T15:20:29.180Z,2024-01-08T15:20:29.180Z,newsletter,only_paid,Learning the Command Line,Commands your mom should have taught you.,
139617130.the-age-old-problem-logging-and-monitoring,2023-12-14T15:28:55.359Z,true,2023-12-14T15:28:55.492Z,2023-12-14T15:28:55.492Z,newsletter,only_paid,The Age-old Problem - Logging and Monitoring,Two Pillars of Data Engineering,
139437789.kubernetes-for-data-engineers,2023-12-11T15:25:45.658Z,true,2023-12-11T15:25:45.863Z,2023-12-11T15:25:45.863Z,newsletter,only_paid,Kubernetes for Data Engineers,The Age of Containers,
139374134.do-a-project-learn-something,2023-12-13T15:27:24.360Z,true,2023-12-13T15:27:24.574Z,2023-12-13T15:27:24.574Z,newsletter,only_paid,Do a project. Learn something.,Rust + SQLite + Twilio,
139065302.black-friday-sale-40-off,2023-11-22T19:26:55.561Z,true,2023-11-22T19:26:55.662Z,2023-11-22T19:26:55.662Z,newsletter,only_paid,Black Friday Sale - %40 off.,Come one come all,
139001651.sqls-having-clause,2023-12-18T15:17:47.912Z,true,2023-12-18T15:17:48.001Z,2023-12-18T15:17:48.001Z,newsletter,only_paid,"SQL's ""Having"" Clause ",The little engine that could.,
138805222.the-double-edged-ai-coding-sword,2023-12-04T15:31:26.451Z,true,2023-12-04T15:31:26.541Z,2023-12-04T15:31:26.541Z,newsletter,only_paid,The Double Edged AI Coding Sword,CoPilot and ChatGPT will make you stupid,
138666313.reducing-memory-consumption,2023-11-27T14:56:00.902Z,true,2023-11-27T14:56:01.113Z,2023-11-27T14:56:01.113Z,newsletter,only_paid,Reducing Memory Consumption,A Data Engineers Guide,
138525378.delta-lake-liquid-clustering-vs-partitioning,2023-11-20T13:57:02.986Z,true,2023-11-20T13:57:03.069Z,2023-11-20T13:57:03.069Z,newsletter,only_paid,Delta Lake Liquid Clustering vs Partitioning,New School vs Old School,
138312203.spark-vs-polars-real-life-test-case,2023-11-09T13:16:40.740Z,true,2023-11-09T13:16:40.828Z,2023-11-09T13:16:40.828Z,newsletter,everyone,Spark vs Polars. Real-life Test Case.,A Brave New World.,
138312190.data-engineering-with-match,2023-12-25T15:08:15.654Z,true,2023-12-25T15:08:15.772Z,2023-12-25T15:08:15.772Z,newsletter,only_paid,Data Engineering with ... match,Replacing if:else with match,
138305998.python-vs-rust-memory-usage-and-speed,2023-10-30T12:59:58.460Z,true,2023-10-30T12:59:58.546Z,2023-10-30T12:59:58.546Z,newsletter,only_paid,Python vs Rust. Memory Usage and Speed.,Data Processing,
138198287.to-exist-or-not,2023-11-06T15:30:13.154Z,true,2023-11-06T15:30:13.291Z,2023-11-06T15:30:13.291Z,newsletter,only_paid,To Exist ... Or Not,If or If Not,
137868237.config-driven-pipelines,2023-10-23T14:35:42.707Z,true,2023-10-23T14:35:42.832Z,2023-10-23T14:35:42.832Z,newsletter,only_paid,Config Driven Pipelines,Dante's Seventh Ring of Hell,
137815762.my-journey-as-a-data-engineer-visually,2023-10-23T14:19:18.150Z,true,2023-10-23T14:19:18.311Z,2023-10-23T14:19:18.311Z,newsletter,only_paid,My Journey as a Data Engineer - Visually,The Long Slog,
137706216.simplify-delta-operations-with-merge,2023-11-13T15:20:38.659Z,true,2023-11-13T15:20:38.833Z,2023-11-13T15:20:38.833Z,newsletter,only_paid,Simplify Delta Operations with MERGE and COPY INTO,for Delta Lake users.,
137621717.thoughts-on-data-in-the-cloud-s3,2023-10-16T14:02:28.832Z,true,2023-10-16T14:02:28.954Z,2023-10-16T14:02:28.954Z,newsletter,only_paid,Thoughts on data in the Cloud (S3).,Cloud Storage for Data Engineers.,
137501753.the-truth-about-databricks-vs-snowflake,2023-10-10T12:50:44.885Z,true,2023-10-10T12:50:45.086Z,2023-10-10T12:50:45.086Z,newsletter,only_paid,The Truth about Databricks vs Snowflake,For Data Engineers,
137458794.introduction-to-uuids-for-data-engineers,2023-10-09T12:15:56.791Z,true,2023-10-09T12:15:56.943Z,2023-10-09T12:15:56.943Z,newsletter,only_paid,Introduction to UUIDs for Data Engineers,Those nasty (not so) little strings.,
137326647.thoughts-on-abstraction-and-complexity,2023-09-25T14:00:20.051Z,true,2023-09-25T14:00:20.194Z,2023-09-25T14:00:20.194Z,newsletter,only_paid,Thoughts on Abstraction and Complexity,Interfaces and Hiding the Pea,
137197857.a-treatise-on-database-connections,2023-09-26T12:18:12.729Z,true,2023-09-26T12:18:12.817Z,2023-09-26T12:18:12.817Z,newsletter,only_paid,"A Treatise on Database Connections, Cursors, and Transactions.",For Data Engineers,
136819114.life-updates-working-hard-and-rest,2023-09-07T14:56:36.556Z,true,2023-09-07T14:56:36.715Z,2023-09-07T14:56:36.715Z,newsletter,only_paid,Life Updates - Working Hard and Rest.,and a 20% Off Sale,
136726687.json-parquet-python-vs-rust,2023-09-12T14:30:10.132Z,true,2023-09-12T14:30:10.240Z,2023-09-12T14:30:10.240Z,newsletter,only_paid,Json -> Parquet. Python vs. Rust.,We know who's going to win (or do we?).,
136496781.project-planning-and-implementation,2024-01-01T14:11:24.701Z,true,2024-01-01T14:11:24.786Z,2024-01-01T14:11:24.786Z,newsletter,only_paid,Project Planning and Implementation Data Projects,Introduction for Data Engineers,
136254334.loop-vs-map-vs,2023-08-28T13:30:13.292Z,true,2023-08-28T13:30:13.516Z,2023-08-28T13:30:13.516Z,newsletter,only_paid,Loop vs Map vs ...,Data Engineering Conundrums ,
136229619.demystifying-the-large-language-models,2023-09-04T13:10:13.471Z,true,2023-09-04T13:10:13.580Z,2023-09-04T13:10:13.580Z,newsletter,only_paid,Demystifying the Large Language Models (LLMs),For Data Engineers,
136090956.bytes-for-data-engineers,2023-08-21T13:30:29.976Z,true,2023-08-21T13:30:30.190Z,2023-08-21T13:30:30.190Z,newsletter,only_paid,Bytes for Data Engineers,and Buffers ... and Streams.,
136010654.duckdb-for-data-engineering,2023-08-14T16:10:32.675Z,true,2023-08-14T16:10:32.805Z,2023-08-14T16:10:32.805Z,newsletter,only_paid,DuckDB for Data Engineering,Analytics or Pipeline?,
135943647.thank-you-for-5k-subscribers,2023-08-11T19:23:36.844Z,true,2023-08-11T19:23:37.053Z,2023-08-11T19:23:37.053Z,newsletter,only_paid,Thank You for 5K Subscribers!,Get 50% off for a year.,
135753997.a-primer-on-data-architecture-design,2023-08-14T14:00:18.331Z,true,2023-08-14T14:00:18.496Z,2023-08-14T14:00:18.496Z,newsletter,only_paid,A Primer on Data Architecture (Design),For Data Engineers,
135691031.why-some-data-people-love-rust,2023-08-07T12:32:54.943Z,true,2023-08-07T12:32:55.030Z,2023-08-07T12:32:55.030Z,newsletter,only_paid,Why (some data people) Love Rust?,Hype or Reality?,
135402735.my-love-hate-relationship,2023-07-24T17:47:20.954Z,true,2023-07-24T17:47:21.058Z,2023-07-24T17:47:21.058Z,newsletter,only_paid,"My Love, Hate Relationship.",... with AWS Lambdas.,
134871671.using-rust-to-explore-distributed,2023-07-17T15:16:21.001Z,true,2023-07-17T15:16:21.109Z,2023-07-17T15:16:21.109Z,newsletter,only_paid,Using Rust to explore Distributed Systems,Doing is Learning,
133995104.most-data-engineers-are-mid,2023-07-19T13:32:57.632Z,true,2023-07-19T13:32:57.781Z,2023-07-19T13:32:57.781Z,newsletter,only_paid,Most Data Engineers are Mid,Stuck in the doldrums? Read on.,
132898655.data-modeling-101-part-2,2023-07-10T14:00:20.810Z,true,2023-07-10T14:00:20.967Z,2023-07-10T14:00:20.967Z,newsletter,only_paid,Data Modeling 101 - Part 2,Relational Databases vs Lake House,
132816662.merica-celebration-50-discount-for,2023-07-03T17:57:39.444Z,true,2023-07-03T17:57:39.575Z,2023-07-03T17:57:39.575Z,newsletter,only_free,'Merica Celebration - 50% Discount for Life!,Do it. Now.,
132661657.sql-joins-where-clauses,2023-07-03T17:45:10.863Z,true,2023-07-03T17:45:10.974Z,2023-07-03T17:45:10.974Z,newsletter,only_paid,SQL Joins + Where Clauses. ,Beowulf and Grendel. Perfect Match or Monsters?,
132019227.invite-your-friends-to-read-data,2023-06-30T01:11:48.267Z,true,2023-06-30T01:11:48.370Z,2023-06-30T01:11:48.370Z,newsletter,only_paid,Invite your friends to read Data Engineering Central,Referral Program!,
130308691.mlops-101-model-training,2023-06-26T15:57:35.661Z,true,2023-06-26T15:57:35.849Z,2023-06-26T15:57:35.849Z,newsletter,only_paid,MLOps 101 - Model Training,For Data Engineers.,
129114638.everyones-talking-about-vector-databases,2023-09-11T14:21:10.341Z,true,2023-09-11T14:21:10.448Z,2023-09-11T14:21:10.448Z,newsletter,only_paid,Everyone's Talking about Vector Databases. I tried one.,Introduction to Vector Databases.,
125938792.mlops-101-feature-stores,2023-06-12T12:28:23.559Z,true,2023-06-12T12:28:23.666Z,2023-06-12T12:28:23.666Z,newsletter,only_paid,MLOps 101 - Feature Stores,The Unsung Hero of Machine Learning,
124189713.dealing-with-stress-anxiety-and-hardship,2023-06-05T13:15:54.459Z,true,2023-06-05T13:15:54.583Z,2023-06-05T13:15:54.583Z,newsletter,only_paid,"Dealing with Stress, Anxiety, and Hardship in the Workplace",Data Teams can be rough. How to overcome.,
123102646.new-mojo-lang-for-data-engineering,2023-05-29T14:31:09.287Z,true,2023-05-29T14:31:09.381Z,2023-05-29T14:31:09.381Z,newsletter,only_paid,New Mojo Lang for Data Engineering,What's all the hype? Is it real for the average Data Engineering workload.,
122530116.celebrating-3k-subscribers,2023-05-19T18:51:18.044Z,true,2023-05-19T18:51:18.173Z,2023-05-19T18:51:18.173Z,newsletter,only_paid,CELEBRATING 3K+ SUBSCRIBERS!,50% discount on subscriptions.,
122061710.data-modeling-at-scale,2023-05-22T14:35:16.338Z,true,2023-05-22T14:35:16.422Z,2023-05-22T14:35:16.422Z,newsletter,only_paid,Data Modeling at Scale.,Lessons from the trenches.,
119944583.async-rust-for-data-engineers,2023-06-19T12:41:44.184Z,true,2023-06-19T12:41:44.347Z,2023-06-19T12:41:44.347Z,newsletter,only_paid,Async Rust for Data Engineers,It's easier than Python.,
119275717.become-a-terrible-data-engineer,2023-05-08T14:41:54.646Z,true,2023-05-08T14:41:54.749Z,2023-05-08T14:41:54.749Z,newsletter,only_paid,Become a Terrible Data Engineer.,Simple steps anyone can follow to become the worst you.,
118895478.mlops-basics-for-data-engineers,2023-05-15T20:41:06.826Z,true,2023-05-15T20:41:06.928Z,2023-05-15T20:41:06.928Z,newsletter,only_paid,MLOps Basics - For Data Engineers.,MLOps 101 - What most people won't tell you.,
115955999.the-brittleness-problem-in-data-pipelines,2023-04-24T14:35:49.309Z,true,2023-04-24T14:35:49.373Z,2023-04-24T14:35:49.373Z,newsletter,only_paid,"The ""Brittleness"" Problem in Data Pipelines.",How to identify and solve brittleness problems in Data Engineering.,
115256206.dsa-for-the-rest-of-us-part-4,2023-05-01T14:20:22.536Z,true,2023-05-01T14:20:22.621Z,2023-05-01T14:20:22.621Z,newsletter,only_paid,DSA For The Rest Of Us - Part 4,Introduction to Graphs and Breadth First Search,
114982334.join-me-on-notes,2023-04-15T12:15:52.179Z,true,2023-04-15T12:15:52.283Z,2023-04-15T12:15:52.283Z,newsletter,only_paid,Join me on Notes,A new place to connect,
112104962.the-truth-about-prefect-mage-and,2023-04-10T13:16:45.489Z,true,2023-04-10T13:16:45.649Z,2023-04-10T13:16:45.649Z,newsletter,everyone,"The Truth about Prefect, Mage, and Airflow.",The Battle for the Orchestration Future.,
111854964.the-best-kept-secret-to-ml-success,2023-04-17T14:37:56.585Z,true,2023-04-17T14:37:56.996Z,2023-04-17T14:37:56.996Z,newsletter,only_paid,The best kept secret to ML success.,Databricks + Delta Lake.,
111286895.primer-on-data-quality,2023-07-31T12:38:00.375Z,true,2023-07-31T12:38:00.519Z,2023-07-31T12:38:00.519Z,newsletter,only_paid,Primer on Data Quality,The Hardest Problem in Data to Solve.,
111286843.immutability-for-data-engineers,2023-11-22T13:20:41.906Z,true,2023-11-22T13:20:42.021Z,2023-11-22T13:20:42.021Z,newsletter,only_paid,Immutability for Data Engineers,Nothing ever changes ...,
109104608.dsa-for-the-rest-of-us-part-3,2023-04-03T13:51:52.683Z,true,2023-04-03T13:51:52.772Z,2023-04-03T13:51:52.772Z,newsletter,only_paid,DSA For The Rest Of Us - Part 3,Introduction to QuickSort.,
108895794.dsa-for-the-rest-of-us-part-2,2023-03-27T14:19:50.876Z,true,2023-03-27T14:19:50.987Z,2023-03-27T14:19:50.987Z,newsletter,only_paid,DSA For The Rest Of Us - Part 2,Introduction to Binary Search.,
108648293.future-proof-yourself-against-ai,2023-03-20T13:55:40.711Z,true,2023-03-20T13:55:40.813Z,2023-03-20T13:55:40.813Z,newsletter,only_paid,Future proof yourself against AI.,Data Engineering Excellence.,
108498959.when-a-good-engineer-goes-bad,2023-04-12T14:38:50.749Z,true,2023-04-12T14:38:50.896Z,2023-04-12T14:38:50.896Z,newsletter,only_paid,When a good engineer goes bad.,A tale of genius and heartbreak.,
108167342.dsa-for-the-rest-of-us-part-1,2023-03-13T14:18:57.233Z,true,2023-03-13T14:18:57.331Z,2023-03-13T14:18:57.331Z,newsletter,only_paid,DSA For The Rest Of Us - Part 1,Introduction to Linked Lists.,
107048442.rayon-in-rust-vs-python-process-and,2023-03-09T19:14:19.143Z,true,2023-03-09T19:14:19.237Z,2023-03-09T19:14:19.237Z,newsletter,only_paid,Rayon in Rust vs Python Process and Thread Pools.,Data-parallelism in the real world.,
106903914.contributing-to-open-source-software,2023-03-07T04:06:44.268Z,true,2023-03-07T04:06:44.407Z,2023-03-07T04:06:44.407Z,newsletter,only_paid,Contributing to Open-Source Software.,The ins and outs.,
106275571.goodbye-spark-hello-polars-delta,2023-10-02T14:00:48.573Z,true,2023-10-02T14:00:48.666Z,2023-10-02T14:00:48.666Z,newsletter,everyone,Goodbye Spark. Hello Polars + Delta Lake.,Freeing Delta Lake from Spark.,
105836392.should-you-use-githubs-copilot-to,2023-03-03T00:56:47.280Z,true,2023-03-03T00:56:47.388Z,2023-03-03T00:56:47.388Z,newsletter,only_paid,Should you use GitHub's CoPilot to write your code?,"CoPilot wrote a Data Pipeline for me. Good, bad?",
105088310.data-what,2023-02-25T19:59:41.624Z,true,2023-02-25T19:59:41.723Z,2023-02-25T19:59:41.723Z,newsletter,only_paid,Data What???,"Data Warehouse, Data Lake, Lake House ... will it ever end?",
103887859.data-engineering-and-not-loosing,2023-02-27T15:30:11.722Z,true,2023-02-27T15:30:11.808Z,2023-02-27T15:30:11.808Z,newsletter,only_paid,Data Engineering and not loosing your mind.,How I balance an aggressive professional and personal life.,
103706699.hey-you-yes-you-come-here,2023-02-18T16:34:27.568Z,true,2023-02-18T16:34:27.648Z,2023-02-18T16:34:27.648Z,thread,only_paid,Hey. You. Yes you. Come here.,,
103134369.failure-the-best-teacher,2023-03-06T14:55:19.791Z,true,2023-03-06T14:55:19.886Z,2023-03-06T14:55:19.886Z,newsletter,only_paid,Failure. The Best Teacher.,Putting yourself in the uncomfortable zone leads to mastery.,
100070614.debugging-data-pipelines,2023-02-20T15:21:08.188Z,true,2023-02-20T15:21:08.289Z,2023-02-20T15:21:08.289Z,newsletter,only_paid,Debugging Data Pipelines.,Is it a pipeline issue ... or a data issue? Or both? Argg.,
98985559.how-to-deal-with-ambiguity,2023-02-06T14:50:36.793Z,true,2023-02-06T14:50:36.865Z,2023-02-06T14:50:36.865Z,newsletter,only_paid,How to deal with ambiguity. ,"If you have no idea what to do, what do you do?",
95088173.whats-the-big-deal-with-immutability,2023-01-23T15:01:14.488Z,true,2023-01-23T15:01:14.579Z,2023-01-23T15:01:14.579Z,newsletter,only_paid,What's the big deal with Immutability?,"To care, or not to care, that is the question.",
94511809.reducing-cloud-costs-in-2023,2023-01-09T15:02:32.821Z,true,2023-01-09T15:02:32.921Z,2023-01-09T15:02:32.921Z,newsletter,only_paid,Reducing Cloud Costs in 2023,Save some money instead of spending it for once you Hobbit.,
94448470.automating-clean-code-checks,2023-01-03T14:54:13.923Z,false,2023-01-03T14:54:14.167Z,2023-01-03T14:54:14.167Z,restack,everyone,Automating Clean Code Checks ,,
93982409.unit-testing-for-data-engineers,2023-02-13T15:31:04.499Z,true,2023-02-13T15:31:04.555Z,2023-02-13T15:31:04.555Z,newsletter,only_paid,Unit Testing for Data Engineers.,"I know you don't want to, but if you don't I will call your grandma.",
93276139.data-modeling-101-part-1,2023-01-05T17:24:38.921Z,true,2023-01-05T17:24:39.067Z,2023-01-05T17:24:39.067Z,newsletter,only_paid,Data Modeling 101 - Part 1.,"What is data modeling, and how to do it.",
92728101.to-sql-or-not-to-sql-that-is-the,2022-12-26T02:36:23.237Z,true,2022-12-26T02:36:23.322Z,2022-12-26T02:36:23.322Z,thread,only_paid,"To SQL or Not to SQL, that is the question.",,
92093580.the-data-world-revolves-around-partitions,2023-01-16T15:01:06.466Z,true,2023-01-16T15:01:06.572Z,2023-01-16T15:01:06.572Z,newsletter,only_paid,The Data World Revolves around Partitions.,Times are changing ... are you?,
91965410.designing-better-data-pipelines,2023-01-02T13:11:08.207Z,true,2023-01-02T13:11:08.318Z,2023-01-02T13:11:08.318Z,newsletter,only_paid,Designing BETTER Data Pipelines.,Become the master of Data Pipelines with a few easy tricks.,
91964347.you-need-to-break-up-with-sql,2022-12-28T21:47:30.527Z,true,2022-12-28T21:47:30.680Z,2022-12-28T21:47:30.680Z,newsletter,only_paid,You need to break up. With SQL.,SQL has engulfed the data world. Can we ever break free?,
91962474.supercharge-your-data-engineering,2023-01-30T15:18:06.865Z,true,2023-01-30T15:18:07.031Z,2023-01-30T15:18:07.031Z,newsletter,only_paid,Supercharge your Data Engineering Career.,"Things your mom wouldn't tell you to do, but I will.",
91707838.review-of-mageai-data-pipelines-for,2022-12-20T18:29:56.309Z,true,2022-12-20T18:29:56.420Z,2022-12-20T18:29:56.420Z,newsletter,only_paid,Review of Mage.ai (data pipelines) for Data Engineers.,"Can it be? Another pipeline tool? Why yes, yes it is.",
91501152.a-gentle-introduction-to-data-quality,2022-12-19T19:07:36.218Z,true,2022-12-19T19:07:36.375Z,2022-12-19T19:07:36.375Z,newsletter,only_paid,A Gentle Introduction to Data Quality.,Data Quality is a hot topic. From zero to hero in no time.,
91299004.they-said-streaming-would-overtake,2023-09-18T14:19:28.328Z,true,2023-09-18T14:19:28.413Z,2023-09-18T14:19:28.413Z,newsletter,only_paid,They said Streaming would overtake Batch.,The battle for the data pipeline.,
91298791.rust-will-never-break-into-mainstream,2022-12-24T16:48:56.927Z,true,2022-12-24T16:48:57.028Z,2022-12-24T16:48:57.028Z,newsletter,only_paid,Rust will never break into mainstream Data Engineering.,"Rust is the new sliced bread, but it's future in DE is questionable.",
91298485.new-years-resolutions-for-data-engineers,2022-12-26T22:02:43.993Z,true,2022-12-26T22:02:44.072Z,2022-12-26T22:02:44.072Z,newsletter,only_paid,New Year's Resolutions for Data Engineers.,Start the new year off with a bang.,
90774584.join-my-new-subscriber-chat,2022-12-15T04:08:13.892Z,true,2022-12-15T04:08:14.014Z,2022-12-15T04:08:14.014Z,newsletter,only_paid,Join my new subscriber chat,A private space for us to converse and connect,
89708749.whats-all-the-hype-with-duckdb,2022-12-18T19:23:38.310Z,true,2022-12-18T19:23:38.423Z,2022-12-18T19:23:38.423Z,newsletter,only_paid,What's all the hype with DuckDB?,Introduction to DuckDB for Data Engineers. Performance and other thoughts.,
89523420.3-types-of-data-engineers,2022-12-14T13:17:15.948Z,true,2022-12-14T13:17:16.076Z,2022-12-14T13:17:16.076Z,newsletter,only_paid,3 Types of Data Engineers,Which one of the Data Engineering archetypes are you? Who do you want to be?,
89300292.why-is-everyone-trying-to-kill-airflow,2022-12-13T14:06:38.709Z,true,2022-12-13T14:06:38.831Z,2022-12-13T14:06:38.831Z,newsletter,only_paid,Why is everyone trying to kill Airflow?,"Apache Airflow has been the ruler of Data Engineering orchestration for years, is the end in sight?",
89271506.we-need-to-talk-about-dbt,2022-12-09T17:51:29.265Z,true,2022-12-09T17:51:29.402Z,2022-12-09T17:51:29.402Z,newsletter,only_paid,We need to talk about DBT.,How did DBT come out of nowhere to take over the Data Engineering and Analytics world.,
89014957.data-engineer-vs-senior-data-engineer,2022-12-07T17:36:57.753Z,true,2022-12-07T17:36:57.822Z,2022-12-07T17:36:57.822Z,newsletter,only_paid,Data Engineer vs Senior Data Engineer,What is the difference between a Senior Data Engineering and a Data Engineer?,
88471768.coming-soon,2022-12-03T22:13:49.586Z,true,2022-12-03T22:13:49.586Z,2022-12-03T22:13:49.586Z,newsletter,only_paid,Coming soon,,
